dataset,threads,library,method,param,build_s,build_peak_mib,resident_mib,query_s,qps,recall
fashion-mnist-784-euclidean,10,ann_search,nndescent,10,3.35416262500803,1064.985336303711,505.5791549682617,0.13995604100637138,71451.0065310061,0.97442
fashion-mnist-784-euclidean,10,ann_search,nndescent,20,3.35416262500803,1064.985336303711,505.5791549682617,0.19287179200910032,51847.91355870312,0.99201
fashion-mnist-784-euclidean,10,ann_search,nndescent,40,3.35416262500803,1064.985336303711,505.5791549682617,0.2797625410021283,35744.59955996727,0.99803
fashion-mnist-784-euclidean,10,ann_search,nndescent,80,3.35416262500803,1064.985336303711,505.5791549682617,0.4576073749922216,21852.794658674327,0.99957
fashion-mnist-784-euclidean,10,ann_search,nndescent,160,3.35416262500803,1064.985336303711,505.5791549682617,0.7441135410044808,13438.809333453299,0.9999
fashion-mnist-784-euclidean,10,ann_search,nndescent,320,3.35416262500803,1064.985336303711,505.5791549682617,1.2030392500164453,8312.280750493637,0.99998
fashion-mnist-784-euclidean,10,ann_search,nndescent,640,3.35416262500803,1064.985336303711,505.5791549682617,1.928298792015994,5185.918303431192,1.0
fashion-mnist-784-euclidean,10,ann_search,nndescent,1280,3.35416262500803,1064.985336303711,505.5791549682617,3.1237640000181273,3201.266164774922,1.0
fashion-mnist-784-euclidean,10,ann_search,nndescent,2560,3.35416262500803,1064.985336303711,505.5791549682617,5.165185791993281,1936.0387801541076,1.0
